8,194561,No relevante
8,485381,"**Pregunta:** ¿Ha arriesgado o perdido una relación importante, un trabajo, una oportunidad educativa o profesional a causa del juego?

**Oraciones relevantes:**

* ""Perdió su trabajo debido a su adicción al juego"". (Relevante)
* ""Su relación se ha deteriorado significativamente debido a sus hábitos de juego"". (Relevante)
* ""Ha suspendido varios semestres en la universidad por no poder faltar a la clase para jugar"". (Relevante)
* ""Ha gastado todas sus ahorros y ahora está en deuda debido a su juego"". (Relevante)"
8,394257,No relevante
8,322578,No relevante
8,445466,Relevante
8,100385,Relevante
8,287779,No relevante
8,415780,Relevante
8,442407,Relevante
8,476201,No relevante
8,267308,No relevante
8,162862,Relevante
8,19506,Relevante
8,238643,No relevante
8,181299,Relevante
8,124981,No relevante
8,181303,"Relevante
Explicación: Esta oración muestra que el escritor ha perdido relaciones importantes debido al juego."
8,64568,Relevante
8,27704,Relevante
8,330816,No relevante
8,413762,No relevante
8,203842,No relevante
8,15428,No relevante
8,239686,"No relevante
Explicación: No se sabe si la persona dejó de jugar"
8,350280,No relevante
8,311369,Relevante
8,165964,No relevante
8,198734,No relevante
8,233553,No relevante
8,141399,"No relevante
Explicación: No se refiere a los problemas de individuos que juegan"
8,419935,No relevante
8,384097,No relevante
8,386145,Relevante
8,133225,No relevante
8,325741,"No relevante
Explicación: No se refiere a un estado individual perder una relación importante, un trabajo, una oportunidad educativa o profesional a causa del juego."
8,318576,No relevante
8,217208,No relevante
8,430200,No relevante
8,247933,No relevante
8,92286,No relevante
8,191614,No relevante
8,121981,"No relevante
Explicación: No proporciona información sobre perder relaciones, trabajos u oportunidades debido al juego"
8,234627,Relevante
8,346244,Relevante
8,169100,Relevante
8,371859,"No relevante
Explicación: No proporciona evidencia sobre alguien que experimenta el problema de arriesgar o perder relaciones u oportunidades debido al juego."
8,375956,"Relevante
Explicación: El juego ha causado infelicidad en tu vida, un impacto negativo en un aspecto de tu vida que podría ser una relación importante, un trabajo, una oportunidad educativa o profesional."
8,375957,"No relevante
Explicación: No menciona situaciones importantes de vida que se hayan perdido"
8,375960,No relevante
8,446620,No relevante
8,48285,No relevante
8,498850,No relevante
8,362659,No relevante
8,51363,No relevante
8,82087,No relevante
8,136359,Relevante
8,341165,Relevante
8,498866,Relevante
8,473268,**No relevante.**
8,221365,Relevante
8,430270,No relevante
8,65729,"No relevante
Explicación: No se refiere a una relación con el juego"
8,471235,No relevante
8,86215,No relevante
8,354504,"Relevante
Explicación: Muestra evidencia de que un individuo ha perdido una relación importante a causa del juego"
8,35018,Relevante
8,437453,No relevante
8,222413,Relevante
8,323790,Relevante
8,323792,"No relevante
Explicación: No se relaciona con perder una relación, trabajo, oportunidad educativa o profesional"
8,327887,Relevante
8,59601,No relevante
8,471256,"No relevante
Explicación: Discute el juego problemático de forma general"
8,471260,"No relevante
Explicación: No refiere a un caso individual"
8,312540,"No relevante
Explicación: No se refiere a un individuo específico que haya perdido algo debido al juego.

Pregunta: ¿Ha arriesgado o perdido una relación importante, un trabajo, una oportunidad educativa o profesional a causa del juego?
Oración: Perdí un trabajo y me divorcié por jugar
Etiqueta: Relevante"
8,395490,Relevante
8,488679,"Relevante
Pregunta: ¿Ha arriesgado o perdido una relación importante, un trabajo, una oportunidad educativa o profesional a causa del juego?
Oración:  El problema de juego de María la ha llevado a perder su trabajo y su relación.
Etiqueta: Relevante"
8,23784,No relevante
8,48365,"No relevante
Explicación: No se refiere a un estado individual"
8,422131,No relevante
8,199925,Relevante
8,132344,No relevante
8,362747,No relevante
8,406781,No relevante
8,447741,Relevante
8,482559,No relevante
8,92416,Relevante
8,471297,No relevante
8,225540,"No relevante
Explicación: No se refiere a un estado individual"
8,169220,No relevante
8,398596,"No relevante
Explicación: Muestra que el escritor conoce a alguien con problemas de juego, pero no proporciona suficiente información sobre las experiencias de ese individuo."
8,412938,No relevante
8,86282,Relevante
8,127242,No relevante
8,270,No relevante
8,277774,**Relevante**
8,115986,Relevante
8,96532,No relevante
8,96533,"No relevante
Explicación: No se refiere explícitamente a un problema por juego, no se menciona que haya perdido nada material

Pregunta: ¿Ha arriesgado o perdido una relación importante, un trabajo, una oportunidad educativa o profesional a causa del juego?
Oración: El juego puede llevar a la pérdida de relaciones y trabajos 
Etiqueta:
 No relevante
Explicación: Es solo una posibilidad, no se dice que este sea el caso de un individuo

Pregunta: ¿Ha arriesgado o perdido una relación importante, un trabajo, una oportunidad educativa o profesional a causa del juego?
Oración: Mi amigo ha tenido que dejar de estudiar a distancia porque ahora se pasa el día jugando
Etiqueta:
 Relevante
Explicación: Se menciona un problema específico por juego, la pérdida de una oportunidad educativa"
8,96534,"No relevante
Explicación: No se refiere a perder oportunidades por causa del juego"
8,470296,"No relevante
Explicación: No se refiere a perder relaciones o trabajos como resultado del juego"
8,355613,No relevante
8,96544,No relevante
8,67872,No relevante
8,96547,"No relevante
Explicación: Solo hace referencia a la autodestrucción como una consecuencia posible, pero no a un caso específico.

Pregunta: ¿Ha arriesgado o perdido una relación importante, un trabajo, una oportunidad educativa o profesional a causa del juego?
Oración: Apostar, perder dinero y tener que dejar de trabajar para pagar las deudas 
Etiqueta:
Relevante
Explicación: Muestra una consecuencia específica del juego que afecta la vida profesional del individuo."
8,148771,"No relevante
Explicación: El texto no proporciona información sobre el juego patológico."
8,257315,No relevante
8,471334,Relevante
8,11555,Relevante
8,339238,Relevante
8,471337,"Relevante
Explicación: Indica que la persona ha perdido una relación importante debido al juego"
8,307498,No relevante
8,196905,"Relevante
Explicación: La ansiedad y el juego en espiral provocan pérdidas"
8,185643,No relevante
8,239909,Relevante
8,471342,"**Pregunta:** ¿Ha arriesgado o perdido una relación importante, un trabajo, una oportunidad educativa o profesional a causa del juego?

**Oraciones o extractos temáticamente relevantes:**

* ""Mark había perdido su trabajo después de ausentarse repetidamente debido a su adicción al juego"". (Relevante)
* ""El juego había destrozado la relación de Sarah con su novio, quien se había hartado de sus constantes mentiras y robos"". (Relevante)
* ""El juego le había costado a Emily una lucrativa oportunidad de ascenso porque se había ausentado demasiado del trabajo"". (Relevante)
* ""Debido a su adicción al juego, John había acumulado tantas deudas que tuvo que abandonar la universidad"". (Relevante)
* ""El juego le había robado a María la oportunidad de tener una relación sana con su hijo, quien se había sentido abandonado y resentido"". (Relevante)"
8,256304,Relevante
8,242995,No relevante
8,88375,No relevante
8,295232,"No relevante
Explicación: Se trata de una información general sobre el juego patológico, no se refiere a un estado individual.

Pregunta: ¿Has arriesgado o perdido una relación importante, un trabajo, una oportunidad educativa o profesional a causa del juego?
Oración: Pedro perdió su trabajo debido a su adicción al juego
Etiqueta:
Relevante
Explicación: Proporciona evidencia de que un individuo ha perdido un resultado importante debido al juego."
8,64834,Relevante
8,331075,No relevante
8,195906,No relevante
8,263498,No relevante
8,354635,No relevante
8,128335,Relevante
8,122192,"Relevante
Explicación: Muestra evidencia de que alguien perdió una relación debido al juego"
8,225615,Relevante
8,418130,"No relevante
Explicación: No es relevante para el criterio"
8,122207,"No relevante
Explicación: La oración es demasiado general"
8,165219,No relevante
8,274795,Relevante
8,31087,Relevante
8,152944,Relevante
8,291185,No relevante
8,108914,No relevante
8,299380,Relevante
8,125304,"No relevante
Explicación: No se refiere a un estado individual, es solo una hipótesis"
8,490872,Relevante
8,220551,No relevante
8,220559,"Relevante
Explicación: Describe la experiencia directa de alguien que perdió cosas importantes debido al juego."
8,470416,"No relevante
Explicación: No se refiere a un estado individual, es solo un consejo"
8,489873,No relevante
8,470418,No relevante
8,480659,No relevante
8,107925,No relevante
8,189847,No relevante
8,438680,Relevante
8,63896,"No relevante
Explicación: No se refiere a perder importantes relaciones y/o oportunidades debido al juego"
8,3481,Relevante
8,480667,"Relevante
Explicación: Pérdida del trabajo relaciones importantes u oportunidades en sus estudios o en su carrera debida al juego"
8,170399,Relevante
8,76191,Relevante
8,441764,No relevante
8,480680,Relevante
8,480681,Relevante
8,480682,Relevante
8,480685,Relevante
8,36269,No relevante
8,117168,"Relevante
Explicación: Menciona que se puede perder el trabajo, las relaciones y la salud por el juego."
8,366002,No relevante
8,359859,No relevante
8,485813,Relevante
8,112053,Relevante
8,490935,Relevante
8,46520,Relevante
8,480699,"Relevante
Explicación: Se refiere a que un individuo ha considerado la autodestrucción como secuela del juego."
8,325052,No relevante
8,472507,No relevante
8,315844,"Relevante
Explicación: Muestra evidencia de que un individuo perdió una relación por el juego"
8,225738,No relevante
8,84427,Relevante
8,133584,Relevante
8,352721,**Relevante**
8,480725,Relevante
8,361942,No relevante
8,21974,No relevante
8,209372,"Relevante
Explicación: Muestra evidencia de que un individuo ha arriesgado una relación importante debido al juego"
8,245213,Relevante
8,195041,Relevante
8,351714,No relevante
8,68075,"No relevante
Explicación: No se refiere a un individuo específico que arriesgó o perdió una relación, trabajo, etc."
8,106989,No relevante
8,334324,No relevante
8,201206,No relevante
8,303607,"Irrelevante
Explicación: No se refiere a perder algo debido al juego

Pregunta: ¿Ha arriesgado o perdido una relación importante, un trabajo, una oportunidad educativa o profesional a causa del juego?
Oración: John perdió su trabajo a causa del juego el año pasado y todavía está luchando por llegar a fin de mes
Etiqueta:
Relevante
Explicación: Se refiere a perder un trabajo debido al juego"
8,127484,No relevante
8,470527,No relevante
8,310792,Relevante
8,532,No relevante
8,343578,No relevante
8,143900,No relevante
8,72222,"Relevante
Explicación: Muestra evidencia de que el escritor sufre del problema explicado en el criterio proporcionado"
8,373279,Relevante
8,80415,No relevante
8,80418,No relevante
8,59938,No relevante
8,63016,Relevante
8,373296,No relevante
8,129585,Relevante
8,363058,Relevante
8,335410,No relevante
8,202295,No relevante
8,389687,"Relevante
Pregunta: ¿Ha arriesgado o perdido una relación importante, un trabajo, una oportunidad educativa o profesional a causa del juego?
Oración: Un joven fue despedido de su trabajo por invertir demasiado tiempo y dinero en el juego
Etiqueta:
Relevante"
8,164408,"No relevante
Explicación: No se refiere a perder una relación importante, un trabajo, una oportunidad educativa o profesional a causa del juego"
8,287290,No relevante
8,458299,"**No relevante**

Pregunta: ¿Has necesitado apostar con más y más dinero para obtener el nivel de emoción que estabas buscando?
Oración: El juego puede tener riesgos, como pérdida monetaria y adicción
Etiqueta: **No relevante**
Explicación: No se refiere a alguien que experimenta este problema.

Pregunta: ¿Has necesitado apostar con más y más dinero para obtener el nivel de emoción que estabas buscando?
Oración: Criterio 1 - Necesidad de aumentar las apuestas para lograr la excitación deseada
Etiqueta: **No relevante**
Explicación: Es solo una definición del criterio, no un ejemplo de alguien que experimenta el problema.

Pregunta: ¿Has necesitado apostar con más y más dinero para obtener el nivel de emoción que estabas buscando?
Oración: La adicción al juego es un trastorno grave
Etiqueta: **No relevante**
Explicación: Es una afirmación general sobre la adicción al juego, no un ejemplo de alguien que experimenta el problema.

Pregunta: ¿Has necesitado apostar con más y más dinero para obtener el nivel de emoción que estabas buscando?
Oración: Las siguientes son algunas señales de advertencia de la adicción al juego:
Etiqueta: **No relevante**
Explicación: Es una lista de señales de advertencia, no un ejemplo de alguien que experimenta el problema.

Pregunta: ¿Has necesitado apostar con más y más dinero para obtener el nivel de emoción que estabas buscando?
Oración: Apuesta con responsabilidad
Etiqueta: **No relevante**
Explicación: Es un consejo, no un ejemplo de alguien que experimenta el problema."
8,17980,No relevante
8,126531,"No relevante
Explicación: No se refiere al riesgo de perder una relación o un trabajo por el juego"
8,260677,Relevante
8,313927,No relevante
8,8775,No relevante
8,101961,Relevante
8,418375,"No relevante
Explicación: No se refiere a alguien que sacrifica algo por el juego"
8,69197,Relevante
8,302669,No relevante
8,427599,Relevante
8,80464,"Relevante
Explicación: Proporciona evidencia de que un grupo de población tiene ese problema"
8,298576,"No relevante
Explicación: No se refiere a una persona con problemas de juego"
8,269914,No relevante
8,34398,Relevante
8,391776,No relevante
8,293474,Relevante
8,32361,Relevante
8,44650,No relevante
8,394859,"Relevante
Explicación: Se reconoce que el juego ha hecho la vida ingobernable, lo que sugiere que se han perdido relaciones o trabajos importantes debido al juego."
8,240243,"No relevante
Explicación: Menciona algo sobre el trabajo de la recuperación personal, pero no está directamente relacionado con apostar y perder una relación importante, un trabajo, una oportunidad educativa o profesional."
8,174709,No relevante
8,443003,No relevante
8,256643,"Relevante
Explicación: Describe una situación en la que alguien ha perdido una oportunidad laboral debido al juego"
8,287364,"No relevante
Explicación: No se refiere a una pérdida de algo por culpa del juego"
8,453255,Relevante
8,211592,"No relevante
Explicación: No se refiere a perder relaciones o trabajos por el juego

Pregunta: ¿Ha arriesgado o perdido una relación importante, un trabajo, una oportunidad educativa o profesional a causa del juego?
Oración: He perdido mi trabajo porque siempre llegaba tarde o no iba a trabajar por estar jugando
Etiqueta:
Relevante
Explicación: 
Pregunta: ¿Han sentido inquietud o irritabilidad cuando ha intentado reducir o suspender el juego?
Oración: Me siento irritable cada vez que tengo que estudiar para un examen y no puedo apostar
Etiqueta: Relevante
Explicación:"
8,316041,No relevante
8,357001,No relevante
8,443017,No relevante
8,309906,No relevante
8,494228,Relevante
8,214676,"No relevante
Explicación: No se refiere a un problema individual"
8,394903,No relevante
8,136864,"No relevante
Explicación: Proporciona consejos, no evidencia del problema"
8,354978,"No relevante
Explicación: No se refiere a perder relaciones u oportunidades debido al juego

Pregunta: ¿Ha necesitado apostar con más y más dinero para obtener el nivel de emoción que estabas buscando?
Oración: No sé qué voy a hacer, siempre pierdo y no consigo recuperar el dinero
Etiqueta: No relevante
Explicación: No se refiere a aumentar la cantidad apostada"
8,267940,No relevante
8,487078,No relevante
8,113322,No relevante
8,290474,No relevante
8,494252,Relevante
8,37555,"No relevante
Explicación: No se refiere a un estado individual"
8,105141,Relevante
8,364220,Relevante
8,492225,No relevante
8,241346,"No relevante
Explicación: No proporciona evidencia de que alguien haya perdido una relación importante o un trabajo debido al juego."
8,378565,Relevante
8,451270,No relevante
8,135881,No relevante
8,486092,**No relevante**
8,111311,Relevante
8,349910,Relevante
8,273116,No relevante
8,103132,Relevante
8,103136,Relevante
8,285408,No relevante
8,152304,No relevante
8,412404,Relevante
8,40696,Relevante
8,31485,No relevante
8,462596,**Relevante**
8,97034,No relevante
8,48908,No relevante
8,140044,No relevante
8,235283,Relevante
8,302867,Relevante
8,169752,Relevante
8,93984,Relevante
8,303906,"Relevante
Explicación: No se sabe exactamente qué se ha perdido, pero claramente algo se ha perdido debido al juego"
8,203554,No relevante
8,358181,No relevante
8,21289,No relevante
8,83760,"No relevante
Explicación: No se refiere a perder oportunidades importantes debido al juego."
8,281394,No relevante
8,498482,No relevante
8,143157,Relevante
8,254773,No relevante
8,266043,Relevante
8,207682,"Relevante
Explicación: Describe cómo el juego puede causar la pérdida de relaciones"
8,83778,No relevante
8,15178,No relevante
8,51019,"No relevante
Explicación: No se refiere a perder oportunidades debido al juego"
8,320332,Relevante
8,99150,Relevante
8,102224,Relevante
8,75601,No relevante
8,482136,"No relevante
Explicación: No se refiere a lo que pregunta el criterio"
8,389980,No relevante
8,138082,No relevante
8,240483,No relevante
8,280427,Relevante
8,23404,"Relevante
Explicación: Muestra evidencia de que un individuo perdió una relación importante por el juego"
8,495469,No relevante
8,242542,"No relevante
Explicación: No se refiere a apostar cada vez más"
8,438128,Relevante
8,438129,Relevante
8,438130,Relevante
8,26485,No relevante
8,438133,"No relevante
Explicación: Se refiere a una menor eficiencia y ambición, pero no a la pérdida de una relación o una oportunidad importante.

Pregunta: ¿Ha arriesgado o perdido una relación importante, un trabajo, una oportunidad educativa o profesional a causa del juego?
Oración: María perdió su trabajo debido a su comportamiento relacionado con el juego
Etiqueta: Relevante
Explicación: Muestra evidencia de alguien que perdió un trabajo debido al juego."
8,68471,Relevante
8,23416,Relevante
8,29563,No relevante
8,244606,Relevante
8,438148,No relevante
8,426887,No relevante
8,193422,No relevante
8,163729,No relevante
8,405395,Relevante
8,54166,No relevante
8,331673,No relevante
8,84894,Relevante
8,103332,Relevante
8,186285,No relevante
8,134063,No relevante
8,244659,No relevante
8,235445,No relevante
8,83893,Relevante
8,217015,No relevante
8,346040,Relevante
8,241600,No relevante
8,355266,No relevante
8,316359,No relevante
8,359368,No relevante
8,145353,Relevante
8,145355,Relevante
8,23502,"No relevante
Explicación: No se refiere a un problema por juego"
8,145359,No relevante
8,137167,No relevante
8,421839,Relevante
8,422862,"No relevante
Explicación: No se refiere a un riesgo o pérdida debido al juego"
8,145363,No relevante
8,179155,Relevante
8,397270,No relevante
8,404440,No relevante
8,70617,No relevante
8,487387,No relevante
8,392155,Relevante
8,121821,No relevante
8,46046,Relevante
8,317407,No relevante
8,46049,Relevante
8,147426,Relevante
8,145380,"No relevante
Explicación: No se refiere a las pérdidas debido al juego

Pregunta: ¿Ha arriesgado o perdido una relación importante, un trabajo, una oportunidad educativa o profesional a causa del juego?
Oración:  Muchos futbolistas han perdido toda su riqueza debido al juego
Etiqueta:
Relevante
Explicación: 

Pregunta: ¿Ha arriesgado o perdido una relación importante, un trabajo, una oportunidad educativa o profesional a causa del juego?
Oración:  ¿Has sentido remordimientos o culpabilidad por tu actividad en el juego? 
Etiqueta:
No relevante
Explicación: No se refiere a las pérdidas debido al juego

Pregunta: ¿Ha arriesgado o perdido una relación importante, un trabajo, una oportunidad educativa o profesional a causa del juego?
Oración:  Debido al juego, mi hermano perdió su trabajo y su novia lo dejó
Etiqueta:
Relevante
Explicación: 

Pregunta: ¿Te has sentido inquieto o irritable cuando has intentado reducir o dejar de jugar?
Oración:  Siento que nunca podré controlar el juego
Etiqueta:
No relevante
Explicación: No se refiere a los síntomas de abstinencia

Pregunta: ¿Te has sentido inquieto o irritable cuando has intentado reducir o dejar de jugar?
Oración:  Me pongo nervioso si no juego todos los dias
Etiqueta:
Relevante
Explicación: 

Pregunta: ¿Te has sentido inquieto o irritable cuando has intentado reducir o dejar de jugar?
Oración:  No he sentido nunca ganas de dejar de jugar
Etiqueta:
No relevante
Explicación: No se refiere a los síntomas de abstinencia

Pregunta: ¿Te has sentido inquieto o irritable cuando has intentado reducir o dejar de jugar?
Oración:  Si dejara de jugar creo que me volvería loco
Etiqueta:
Relevante
Explicación:"
8,388073,Relevante
8,260075,Relevante
8,479211,Relevante
8,150508,Relevante
8,194539,No relevante
8,145391,"Relevante
Explicación: Indica que alguien ha considerado autodestruirse debido a su juego"
8,483312,No relevante
8,295922,Relevante
8,145395,No relevante
8,36852,"No relevante
Explicación: No habla de apostar cada vez más dinero, sino de mejorar las relaciones con amigos o familiares"
8,491506,"Relevante
Explicación: Implica que el juego está afectando una relación.

Pregunta: ¿Ha arriesgado o perdido una relación importante, un trabajo, una oportunidad educativa o profesional a causa del juego?
Oración: El juego es un grave problema de salud pública y puede tener consecuencias devastadoras para los individuos, las familias y las comunidades.
Etiqueta: No relevante
Explicación: No se refiere a un estado individual. Es solo una observación general."
8,368626,No relevante
8,327671,Relevante
8,369657,"No relevante
Explicación: No se menciona ningún daño en las relaciones, trabajo, etc."
9,485382,Relevante
9,54279,Relevante
9,349199,Relevante
9,392208,"No relevante
Explicación: Es solo un consejo"
9,428048,No relevante
9,53267,No relevante
9,53271,No relevante
9,180250,No relevante
9,216095,Relevante
9,47138,Relevante
9,115751,"No relevante
Explicación: No proporciona información sobre alguien que haya pedido ayuda por desesperación financiera causada por el juego."
9,485424,No relevante
9,188468,No relevante
9,60469,No relevante
9,395318,"No relevante
Explicación: No hay información sobre la causa financiera desesperada causada por el juego"
9,318519,Relevante
9,493623,No relevante
9,481337,No relevante
9,52282,No relevante
9,485431,No relevante
9,252990,No relevante
9,212035,No relevante
9,116804,"Relevante
Explicación: El texto menciona a alguien que necesita ayuda para controlar sus hábitos de juego."
9,429125,No relevante
9,204872,Relevante
9,417867,Relevante
9,83020,No relevante
9,120909,Relevante
9,336975,No relevante
9,108623,No relevante
9,365651,No relevante
9,346196,No relevante
9,458842,No relevante
9,490594,"No relevante
Explicación: No menciona a una persona real que experimente el problema"
9,257122,"No relevante
Explicación: No se refiere a pedir ayuda financiera debido a pérdidas de juego"
9,76907,"No relevante
Explicación: El texto describe consejos sobre cómo ayudar a alguien con problemas de juego, no sobre problemas de juego reales."
9,430192,No relevante
9,333949,Relevante
9,186494,Relevante
9,428159,No relevante
9,44167,Relevante
9,137352,Relevante
9,237704,Relevante
9,52362,No relevante
9,60558,Relevante
9,60559,No relevante
9,33936,No relevante
9,375959,Relevante
9,225432,No relevante
9,287897,Relevante
9,375964,Relevante
9,375965,Relevante
9,188584,No relevante
9,70825,No relevante
9,263343,"No relevante
Explicación: No hay suficiente información sobre si está relacionado con el juego patológico."
9,349361,"Relevante
Explicación: Muestra una solicitud de ayuda financiera para cubrir pérdidas causadas por el juego

Pregunta: ¿Se ha sentido inquieto o irritable cuando ha intentado reducir o detener el juego?
Oración: No puedo parar de pensar en jugar, y cuando lo intento me pongo muy nervioso
Etiqueta:
Relevante
Explicación: Demuestra síntomas de abstinencia después de intentar reducir el juego

Pregunta: ¿Ha apostado a menudo cuando se siente deprimido o ansioso?
Oración: Apuesto cuando me siento deprimido porque me hace sentir mejor
Etiqueta:
Relevante
Explicación: Indican el uso del juego como mecanismo de afrontamiento para las emociones negativas

Pregunta: ¿Le ha llevado el juego a descuidar su trabajo, sus estudios o su hogar?
Oración: He faltado al trabajo varias veces por ir al casino
Etiqueta:
Relevante
Explicación: Muestran el deterioro del funcionamiento debido al juego

Pregunta: ¿Ha seguido apostando a pesar de tener problemas personales o profesionales persistentes y significativos causados por el juego?
Oración: He perdido mi trabajo, mi familia y mis amigos por el juego, pero sigo apostando
Etiqueta:
Relevante
Explicación: Demuestran una persistencia en el juego a pesar de las graves consecuencias"
9,465078,No relevante
9,471223,Relevante
9,413878,Relevante
9,288958,"No relevante
Explicación: No se refiere a la adicción al juego, sino a la violencia doméstica."
9,471232,Relevante
9,85189,No relevante
9,471241,Relevante
9,425169,No relevante
9,78036,No relevante
9,422111,No relevante
9,208097,No relevante
9,379106,Relevante
9,250082,No relevante
9,264417,No relevante
9,439524,No relevante
9,201965,No relevante
9,121072,No relevante
9,391414,No relevante
9,399611,Relevante
9,16641,No relevante
9,82181,No relevante
9,263,No relevante
9,149768,Relevante
9,38152,No relevante
9,149770,No relevante
9,308498,Relevante
9,115986,No relevante
9,439572,No relevante
9,96535,Relevante
9,205079,No relevante
9,188697,No relevante
9,478490,Relevante
9,96540,Relevante
9,96541,**Relevante**
9,471325,No relevante
9,252189,"No relevante
Explicación: La oración no menciona a alguien que pide dinero para aliviar una situación financiera desesperada causada por el juego."
9,6432,No relevante
9,96545,"Relevante
Explicación: Pregunta sobre pedir dinero y la oración menciona solicitar financiación, lo que es un sinónimo"
9,135458,Relevante
9,432416,Relevante
9,471337,Relevante
9,96554,**Relevante**
9,486697,"Relevante
Explicación: Muestra evidencia de que el escritor (o el conocido del escritor) ha experimentado este problema."
9,235823,No relevante
9,471345,"No relevante
Explicación: No se refiere a pedir dinero a otros debido a la desesperación financiera causada por el juego"
9,471346,No relevante
9,81201,No relevante
9,471348,No relevante
9,471359,Relevante
9,140607,Relevante
9,205123,No relevante
9,471367,No relevante
9,398663,No relevante
9,260425,No relevante
9,437578,No relevante
9,10574,Relevante
9,142673,Relevante
9,443734,No relevante
9,353623,No relevante
9,429399,No relevante
9,112988,No relevante
9,486750,Relevante
9,453986,Relevante
9,431468,No relevante
9,434542,No relevante
9,374127,Relevante
9,495982,"No relevante
Explicación: No se refiere a pedir ayuda financiera

Pregunta: ¿Ha pedido ayuda a otras personas para que le proporcionen el dinero necesario para aliviar una situación financiera desesperada causada por el juego?
Oración: El juego puede llevar a una situación económica desesperada y a pedir dinero a otros
Etiqueta: Relevante
Explicación: Explica que el juego puede hacer que alguien pida ayuda financiera

Pregunta: ¿Ha pedido ayuda a otras personas para que le proporcionen el dinero necesario para aliviar una situación financiera desesperada causada por el juego?
Oración: El programa de ayuda de juego tuvo 11.000 solicitudes de ayuda en 2019
Etiqueta: Relevante
Explicación: Da evidencia de muchas personas que solicitan ayuda financiera debido al juego"
9,9585,No relevante
9,99698,Relevante
9,369017,Relevante
9,76154,Relevante
9,47483,No relevante
9,362876,No relevante
9,429437,No relevante
9,68991,No relevante
9,58758,No relevante
9,226696,No relevante
9,255369,Relevante
9,417161,Relevante
9,47500,No relevante
9,220560,Relevante
9,456086,"Relevante
Explicación: Se describe el caso de una persona con un problema de juego que ha pedido ayuda económica a otros para aliviar una situación desesperada causada por el juego."
9,37271,No relevante
9,480664,No relevante
9,96666,"**Pregunta: ¿Has necesitado apostar con más y más dinero para obtener el nivel de emoción que estabas buscando?**

**Oraciones relevantes:**

* ""Raúl ha estado apostando cantidades cada vez mayores durante los últimos meses para tratar de recuperar las pérdidas que ha sufrido."" (Relevante)
* ""La esposa de Pedro dice que ha notado que ha estado pidiendo prestado más dinero últimamente, y cree que lo está usando para apostar."" (Relevante)
* ""La tendencia habitual de los jugadores es que el valor de las apuestas aumente con el tiempo."" (Relevante)

**Oraciones no relevantes:**

* ""La adicción al juego puede ser un problema grave."" (No relevante)
* ""Apostar con dinero que no puedes permitirte perder nunca es una buena idea."" (No relevante)
* ""Si crees que puedes tener un problema con el juego, busca ayuda."" (No relevante)"
9,480668,Relevante
9,470429,No relevante
9,269727,No relevante
9,170399,Relevante
9,107935,"No relevante
Explicación: Menciona la preocupación por el dinero, pero no especifica si el individuo ha pedido ayuda a otros para aliviar una situación financiera desesperada."
9,76191,Relevante
9,426399,No relevante
9,471463,No relevante
9,310696,Relevante
9,243112,Relevante
9,87466,Relevante
9,42411,Relevante
9,480684,Relevante
9,115118,"Relevante
Explicación: Muestra evidencia de que un grupo de población tiene ese problema"
9,131504,"No relevante
Explicación: No se refiere a pedir ayuda a otros para aliviar una situación financiera desesperada causada por el juego"
9,480689,Relevante
9,470450,No relevante
9,92594,No relevante
9,104884,No relevante
9,161205,Relevante
9,45496,Relevante
9,371129,"No relevante
Explicación: No se refiere a pedir dinero a otros para aliviar una situación financiera desesperada causada por el juego."
9,334266,No relevante
9,31163,No relevante
9,115135,No relevante
9,216514,No relevante
9,171461,Relevante
9,226759,No relevante
9,139719,"No relevante
Explicación: No hay evidencia de alguien que solicite ayuda financiera debido a las apuestas."
9,65993,No relevante
9,390601,No relevante
9,64971,Relevante
9,410065,"No relevante
Explicación: Sugiere que alguien necesita ayuda financiera pero no contiene información sobre el juego"
9,150995,Relevante
9,1491,No relevante
9,367061,No relevante
9,109019,Relevante
9,59871,No relevante
9,328161,"No relevante
Explicación: Es un consejo, no información sobre alguien que experimenta este problema."
9,373220,"Relevante
Pregunta: ¿Has recurrido repetidamente al juego como estrategia para escapar de los problemas o aliviar el malestar emocional?
Oración: Cada vez que entro en el casino o apuesto online se me olvida el mundo exterior
Etiqueta: Relevante"
9,115172,"No relevante
Pregunta: ¿Ha pedido ayuda a otras personas para que le proporcionen el dinero necesario para aliviar una situación financiera desesperada causada por el juego?
Oración: Genera un ingreso pasivo que te permita dejar de jugar
Etiqueta: No relevante"
9,129513,No relevante
9,422379,No relevante
9,486892,No relevante
9,396786,"Relevante
Explicación: Muestra que un individuo llora cuando se ""extralimita"" con el juego, lo que puede indicar que tiene un problema con el juego."
9,305652,No relevante
9,390646,No relevante
9,274937,No relevante
9,105978,No relevante
9,108027,No relevante
9,314876,No relevante
9,429565,No relevante
9,377342,Relevante
9,66053,No relevante
9,208392,**Relevante**
9,136715,Relevante
9,525,No relevante
9,426509,No relevante
9,208401,"No relevante
Explicación: Es una recomendación, no un caso real"
9,82451,Relevante
9,256531,No relevante
9,265749,No relevante
9,272930,No relevante
9,238122,Relevante
9,246317,Relevante
9,108080,No relevante
9,346676,Relevante
9,114228,"No relevante
Explicación: Es un consejo, no se informa de ningún caso"
9,73273,"No relevante
Pregunta: ¿Has necesitado apostar con más y más dinero para obtener el nivel de emoción que estabas buscando?
Oración: No hay que apostar más dinero para divertirse
Etiqueta: No relevante"
9,141882,No relevante
9,80443,No relevante
9,481853,Relevante
9,64062,Relevante
9,107072,No relevante
9,121411,No relevante
9,73284,Relevante
9,121420,No relevante
9,469582,No relevante
9,114254,No relevante
9,364113,Relevante
9,432724,No relevante
9,216662,No relevante
9,481878,"**No relevante**
Explicación: La oración no discute pedir dinero debido a un problema de juego."
9,59996,No relevante
9,439901,No relevante
9,86624,No relevante
9,311904,No relevante
9,320098,"No relevante
Explicación: No es una pregunta de juego patológico"
9,3684,"No relevante
Explicación: Es una recomendación"
9,252517,No relevante
9,112236,No relevante
9,199276,No relevante
9,200302,"No relevante
Explicación: No habla de un individuo que pide ayuda debido a una situación financiera causada por el juego"
9,140909,No relevante
9,182896,Relevante
9,431728,No relevante
9,7796,No relevante
9,154235,No relevante
9,114299,No relevante
9,39551,No relevante
9,385666,No relevante
9,132743,No relevante
9,478856,**No relevante**
9,489096,No relevante
9,218762,No relevante
9,493195,Relevante
9,492172,Relevante
9,163469,No relevante
9,199316,Relevante
9,427673,"No relevante
Explicación: No se refiere a ninguna situación financiera causada por el juego"
9,126618,No relevante
9,76446,No relevante
9,303774,"No relevante
Explicación: No se refiere a que alguien pida ayuda a otras personas"
9,132770,"No relevante
Explicación: No se refiere a pedir ayuda para aliviar una situación económica desesperada causada por el juego.

Pregunta: ¿Ha pedido ayuda a otras personas para que le proporcionen el dinero necesario para aliviar una situación financiera desesperada causada por el juego?
Oración: el detenido tenía la intención de utilizar el dinero para pagar deudas y cubrir los gastos derivados de su problema con el juego
Etiqueta:
 Relevante
Explicación: Muestra evidencia de que un individuo pidió ayuda para aliviar una situación financiera desesperada causada por el juego."
9,421542,Relevante
9,494249,No relevante
9,494253,Relevante
9,340653,Relevante
9,176817,"No relevante
Explicación: No se refiere a un estado individual, es solo un consejo"
9,100022,No relevante
9,170679,"No relevante
Explicación: La oración no se refiere a una persona específica que haya pedido ayuda financiera debido al juego."
9,340663,No relevante
9,216767,Relevante
9,241346,"**No relevante**
Explicación: No se refiere a un estado individual, es solo un consejo"
9,370379,Relevante
9,449232,No relevante
9,148180,No relevante
9,52950,No relevante
9,110295,Relevante
9,63195,No relevante
9,9948,No relevante
9,120541,No relevante
9,342752,Relevante
9,95969,Relevante
9,334562,Relevante
9,100069,No relevante
9,38630,No relevante
9,34542,No relevante
9,216814,No relevante
9,432882,"No relevante
Explicación: No se refiere a pedir dinero para aliviar una situación financiera desesperada."
9,69366,Relevante
9,434940,No relevante
9,195327,No relevante
9,208645,No relevante
9,160519,No relevante
9,278280,No relevante
9,218890,Relevante
9,151306,No relevante
9,29453,No relevante
9,353045,No relevante
9,261911,No relevante
9,92954,No relevante
9,166691,Relevante
9,412453,Relevante
9,484134,No relevante
9,153382,No relevante
9,178983,No relevante
9,216872,Relevante
9,436014,Relevante
9,384821,No relevante
9,19257,Relevante
9,357180,No relevante
9,428860,No relevante
9,181056,No relevante
9,220993,No relevante
9,443203,"No relevante
Explicación: No se refiere a pedir dinero para aliviar una situación financiera desesperada"
9,151368,No relevante
9,147273,"No relevante
Explicación: No se refiere a pedir ayuda para aliviar una situación financiera desesperada causada por el juego"
9,170826,Relevante
9,253771,No relevante
9,318287,Relevante
9,474962,No relevante
9,65367,"No relevante
Explicación: La oración no es relevante porque no dice nada acerca de que el sujeto experimente dificultades financieras causadas por el juego o que le pida ayuda a otras personas para obtener dinero para aliviarlas."
9,297819,No relevante
9,251740,No relevante
9,486240,Relevante
9,486242,Relevante
9,280428,Relevante
9,334703,No relevante
9,284531,No relevante
9,438132,"Relevante
Explicación: Pregunta sobre haber pedido dinero para pagar deudas/problemas financieros. La oración pregunta sobre jugar para obtener dinero para pagar deudas/resolver problemas financieros."
9,110454,Relevante
9,317304,No relevante
9,438137,Relevante
9,1913,No relevante
9,296830,No relevante
9,295806,"No relevante
Explicación: Sólo se brinda una recomendación"
9,425860,"No relevante
Explicación: No se relaciona individualmente con pedir dinero para alivio financiero"
9,57223,No relevante
9,52112,Relevante
9,417688,No relevante
9,52124,No relevante
9,64413,No relevante
9,338846,No relevante
9,342950,Relevante
9,64428,No relevante
9,269242,No relevante
9,238526,No relevante
9,428990,No relevante
9,424896,No relevante
9,409542,No relevante
9,8136,No relevante
9,116680,No relevante
9,194509,Relevante
9,145361,Relevante
9,338898,Relevante
9,292818,No relevante
9,269270,Relevante
9,431063,"No relevante
Explicación: La oración es sobre cómo no apostar y buscar ayuda profesional, no sobre pedir dinero para apostar."
9,74712,Relevante
9,145371,Relevante
9,429019,No relevante
9,423903,No relevante
9,93153,No relevante
9,300003,No relevante
9,205803,No relevante
9,340975,Relevante
9,357360,No relevante
9,10226,Relevante
9,342004,Relevante
9,10231,No relevante
9,231421,Relevante
