1,265216,Relevante
1,92161,No relevante
1,68608,No relevante
1,483331,Relevante
1,130052,Relevante
1,114693,Relevante
1,304131,No relevante
1,377863,Relevante
1,345099,Relevante
1,346124,No relevante
1,139282,Relevante
1,79894,No relevante
1,43035,Relevante
1,441373,No relevante
1,379935,No relevante
1,139302,Relevante
1,41001,Relevante
1,381996,No relevante
1,197679,No relevante
1,200764,Relevante
1,260156,No relevante
1,325694,Relevante
1,368706,No relevante
1,494662,No relevante
1,390215,Relevante
1,489546,No relevante
1,17485,No relevante
1,41039,Relevante
1,365651,No relevante
1,394325,Relevante
1,154719,Relevante
1,65632,Relevante
1,253029,No relevante
1,243817,Relevante
1,348268,Relevante
1,485488,Relevante
1,348272,Relevante
1,436338,Relevante
1,30838,Relevante
1,241786,Relevante
1,365692,Relevante
1,186494,Relevante
1,394372,Relevante
1,164999,Relevante
1,272525,No relevante
1,367764,No relevante
1,458903,No relevante
1,356504,No relevante
1,409754,No relevante
1,389277,Relevante
1,109726,Relevante
1,375970,No relevante
1,362659,Relevante
1,53410,No relevante
1,362661,No relevante
1,21669,No relevante
1,497830,Relevante
1,226472,Relevante
1,398498,No relevante
1,61610,Relevante
1,301230,No relevante
1,21679,No relevante
1,486577,Relevante
1,106675,Relevante
1,348350,Relevante
1,348354,Relevante
1,471241,No relevante
1,333002,Relevante
1,457933,Relevante
1,209,Relevante
1,145623,No relevante
1,3292,Relevante
1,471262,No relevante
1,213215,Relevante
1,367845,No relevante
1,387304,Relevante
1,269545,Relevante
1,101610,No relevante
1,269546,No relevante
1,206068,Relevante
1,447733,Relevante
1,376056,Relevante
1,120060,Relevante
1,122110,Relevante
1,240898,No relevante
1,352519,Relevante
1,471303,No relevante
1,471307,Relevante
1,154891,Relevante
1,120081,No relevante
1,115986,Relevante
1,96535,No relevante
1,280855,No relevante
1,106778,Relevante
1,32027,Relevante
1,471325,No relevante
1,9502,Relevante
1,96545,No relevante
1,283939,Relevante
1,91428,No relevante
1,21797,Relevante
1,18728,No relevante
1,96554,No relevante
1,46383,Relevante
1,256304,Relevante
1,102708,Relevante
1,279861,Relevante
1,60726,Relevante
1,471353,No relevante
1,471359,No relevante
1,295240,Relevante
1,76105,Relevante
1,263498,No relevante
1,176461,No relevante
1,103758,Relevante
1,66894,No relevante
1,64854,No relevante
1,221527,Relevante
1,475479,No relevante
1,54618,No relevante
1,34138,No relevante
1,321889,No relevante
1,91492,No relevante
1,22887,No relevante
1,34154,Relevante
1,221547,Relevante
1,91500,No relevante
1,22892,No relevante
1,88430,Relevante
1,61815,Relevante
1,490872,No relevante
1,87417,Relevante
1,146807,No relevante
1,243067,Relevante
1,471419,No relevante
1,471421,No relevante
1,104823,Relevante
1,471423,Relevante
1,471426,No relevante
1,34179,Relevante
1,25989,Relevante
1,220551,Relevante
1,387464,Relevante
1,470418,No relevante
1,480659,Relevante
1,345490,Relevante
1,470422,No relevante
1,61848,No relevante
1,318874,No relevante
1,403866,Relevante
1,76191,Relevante
1,78249,Relevante
1,29104,No relevante
1,128434,No relevante
1,44467,No relevante
1,366002,No relevante
1,342454,Relevante
1,230840,No relevante
1,478651,Relevante
1,118205,Relevante
1,173504,No relevante
1,230860,Relevante
1,61901,No relevante
1,352721,Relevante
1,302546,Relevante
1,480725,Relevante
1,91610,Relevante
1,332255,Relevante
1,453092,Relevante
1,52711,No relevante
1,369132,Relevante
1,214512,Relevante
1,52725,No relevante
1,260602,Relevante
1,108026,Relevante
1,142845,No relevante
1,214532,Relevante
1,101896,No relevante
1,10760,Relevante
1,342540,No relevante
1,231948,Relevante
1,68110,Relevante
1,382487,No relevante
1,236056,Relevante
1,484890,No relevante
1,117279,Relevante
1,187941,Relevante
1,448038,No relevante
1,238122,Relevante
1,108079,Relevante
1,259633,Relevante
1,60987,Relevante
1,408125,Relevante
1,57918,No relevante
1,408128,No relevante
1,194114,Relevante
1,194118,Relevante
1,311881,No relevante
1,486985,No relevante
1,104013,Relevante
1,364113,Relevante
1,125528,No relevante
1,110174,Relevante
1,453224,No relevante
1,61035,Relevante
1,262764,Relevante
1,74349,Relevante
1,352877,No relevante
1,416370,No relevante
1,7796,No relevante
1,252536,Relevante
1,148090,No relevante
1,288379,Relevante
1,291450,No relevante
1,403069,Relevante
1,244350,No relevante
1,480892,Relevante
1,116350,Relevante
1,199298,Relevante
1,361092,No relevante
1,492166,No relevante
1,265862,Relevante
1,321161,Relevante
1,5769,No relevante
1,471692,Relevante
1,368269,No relevante
1,474769,No relevante
1,61074,Relevante
1,3731,Relevante
1,37531,Relevante
1,83611,No relevante
1,481949,No relevante
1,494248,Relevante
1,480936,No relevante
1,494249,No relevante
1,490154,No relevante
1,339628,Relevante
1,488120,Relevante
1,42682,Relevante
1,258748,No relevante
1,136894,Relevante
1,102078,Relevante
1,47814,No relevante
1,450248,No relevante
1,465609,No relevante
1,115401,No relevante
1,71373,No relevante
1,446158,No relevante
1,382671,Relevante
1,328401,Relevante
1,71381,Relevante
1,246486,Relevante
1,272091,No relevante
1,120541,No relevante
1,389853,No relevante
1,412383,Relevante
1,94944,No relevante
1,144097,Relevante
1,380641,Relevante
1,278243,No relevante
1,265954,Relevante
1,256742,Relevante
1,40681,Relevante
1,407282,Relevante
1,294643,No relevante
1,233202,Relevante
1,294647,No relevante
1,185085,Relevante
1,337662,Relevante
1,144127,Relevante
1,101132,Relevante
1,48908,Relevante
1,390929,No relevante
1,412434,No relevante
1,107293,No relevante
1,354087,No relevante
1,398123,Relevante
1,396084,Relevante
1,263991,Relevante
1,19257,No relevante
1,175929,No relevante
1,77626,No relevante
1,412484,No relevante
1,60228,Relevante
1,71494,Relevante
1,217927,Relevante
1,197444,Relevante
1,58185,No relevante
1,71492,Relevante
1,113489,No relevante
1,446293,Relevante
1,294759,No relevante
1,382823,No relevante
1,35693,Relevante
1,376686,Relevante
1,146288,Relevante
1,391033,No relevante
1,294782,No relevante
1,40834,No relevante
1,492419,Relevante
1,63366,Relevante
1,58249,Relevante
1,129930,Relevante
1,366475,No relevante
1,3979,Relevante
1,416662,Relevante
1,233367,No relevante
1,58263,Relevante
1,319385,No relevante
1,79770,No relevante
1,96156,Relevante
1,114588,Relevante
1,70561,Relevante
1,482210,No relevante
1,102310,Relevante
1,240551,Relevante
1,96168,Relevante
1,41906,No relevante
1,354227,Relevante
1,120760,No relevante
1,110520,No relevante
1,142266,Relevante
1,418745,No relevante
1,422846,No relevante
1,64448,Relevante
1,99265,Relevante
1,436163,No relevante
1,488390,Relevante
1,102342,No relevante
1,432074,Relevante
1,145359,No relevante
1,145361,No relevante
1,41942,No relevante
1,130007,Relevante
1,482263,Relevante
1,130018,No relevante
1,337893,Relevante
1,83946,Relevante
1,180206,No relevante
1,145391,No relevante
1,403438,Relevante
1,155636,Relevante
1,110581,Relevante
1,387062,Relevante
2,359429,No relevante
2,345095,No relevante
2,1035,No relevante
2,51211,No relevante
2,83983,No relevante
2,370705,No relevante
2,103448,No relevante
2,216090,No relevante
2,487455,Relevante
2,216095,Relevante
2,47138,No relevante
2,116775,No relevante
2,365611,No relevante
2,490545,No relevante
2,318519,No relevante
2,321594,Relevante
2,200764,No relevante
2,260162,No relevante
2,35909,No relevante
2,231496,No relevante
2,489547,Relevante
2,120909,Relevante
2,336973,No relevante
2,110669,No relevante
2,215118,No relevante
2,122961,No relevante
2,165970,No relevante
2,270423,No relevante
2,90200,No relevante
2,54366,No relevante
2,463968,No relevante
2,28775,Relevante
2,486509,No relevante
2,330862,No relevante
2,119920,No relevante
2,325745,No relevante
2,113778,No relevante
2,61562,No relevante
2,113787,No relevante
2,314496,No relevante
2,464001,No relevante
2,494723,Relevante
2,36998,No relevante
2,78984,No relevante
2,104585,No relevante
2,367753,No relevante
2,126091,Relevante
2,121996,No relevante
2,165002,No relevante
2,237704,Relevante
2,259219,Relevante
2,472212,No relevante
2,6298,No relevante
2,34973,No relevante
2,41118,No relevante
2,383133,No relevante
2,463005,No relevante
2,208042,No relevante
2,490671,Relevante
2,270515,No relevante
2,7349,No relevante
2,170173,No relevante
2,215231,Relevante
2,262335,Relevante
2,378051,No relevante
2,136388,No relevante
2,439498,No relevante
2,202960,Relevante
2,264400,No relevante
2,471248,No relevante
2,7379,No relevante
2,152787,No relevante
2,336095,No relevante
2,219364,No relevante
2,330981,No relevante
2,362728,No relevante
2,218347,No relevante
2,264431,No relevante
2,338164,No relevante
2,447734,Relevante
2,5368,No relevante
2,121085,No relevante
2,21772,No relevante
2,471310,Relevante
2,471313,Relevante
2,63764,No relevante
2,164116,No relevante
2,131354,No relevante
2,96539,No relevante
2,36125,No relevante
2,125213,Relevante
2,374045,No relevante
2,221473,No relevante
2,64804,Relevante
2,63781,No relevante
2,121124,No relevante
2,60713,No relevante
2,5419,No relevante
2,410925,Relevante
2,87341,No relevante
2,5421,No relevante
2,487733,No relevante
2,251189,No relevante
2,65848,No relevante
2,103739,No relevante
2,271689,Relevante
2,89421,No relevante
2,10574,No relevante
2,391508,No relevante
2,273750,Relevante
2,382295,Relevante
2,266584,Relevante
2,3417,No relevante
2,183642,No relevante
2,351584,No relevante
2,101731,No relevante
2,122213,Relevante
2,78183,Relevante
2,113001,No relevante
2,105839,No relevante
2,159090,No relevante
2,319859,No relevante
2,148855,No relevante
2,54650,No relevante
2,208253,No relevante
2,429445,No relevante
2,247174,No relevante
2,220552,Relevante
2,226696,No relevante
2,220556,Relevante
2,412044,No relevante
2,152972,No relevante
2,433552,No relevante
2,208274,No relevante
2,143762,Relevante
2,480660,Relevante
2,480664,Relevante
2,107929,No relevante
2,318878,Relevante
2,42398,Relevante
2,470434,No relevante
2,49570,No relevante
2,76201,No relevante
2,42411,Relevante
2,169391,No relevante
2,115135,No relevante
2,137672,No relevante
2,485833,Relevante
2,406987,Relevante
2,49612,No relevante
2,6603,Relevante
2,353745,No relevante
2,109010,No relevante
2,56787,No relevante
2,107993,No relevante
2,407004,Relevante
2,311772,No relevante
2,300510,No relevante
2,82398,No relevante
2,77278,No relevante
2,63968,No relevante
2,102884,No relevante
2,268776,No relevante
2,356841,Relevante
2,108010,Relevante
2,249323,No relevante
2,486893,No relevante
2,252400,No relevante
2,223729,No relevante
2,308720,No relevante
2,56819,No relevante
2,218612,No relevante
2,182773,No relevante
2,352759,No relevante
2,314876,No relevante
2,377342,No relevante
2,114179,Relevante
2,160262,No relevante
2,226828,No relevante
2,143885,No relevante
2,264718,No relevante
2,322063,No relevante
2,3597,Relevante
2,430618,No relevante
2,108062,Relevante
2,166438,No relevante
2,108071,Relevante
2,124455,No relevante
2,145961,No relevante
2,378412,No relevante
2,23084,No relevante
2,97840,No relevante
2,397872,Relevante
2,316978,No relevante
2,276018,No relevante
2,191035,Relevante
2,463422,No relevante
2,73280,No relevante
2,126528,Relevante
2,127554,No relevante
2,161350,No relevante
2,271947,No relevante
2,244301,Relevante
2,4687,No relevante
2,315984,No relevante
2,364113,Relevante
2,419411,No relevante
2,155223,No relevante
2,276061,No relevante
2,365149,No relevante
2,110174,Relevante
2,37482,No relevante
2,308847,Relevante
2,182896,Relevante
2,258673,No relevante
2,154228,Relevante
2,107132,No relevante
2,247425,No relevante
2,116354,No relevante
2,390796,No relevante
2,291469,Relevante
2,462478,Relevante
2,139919,No relevante
2,316046,No relevante
2,481941,No relevante
2,487061,Relevante
2,389782,No relevante
2,299671,No relevante
2,62105,No relevante
2,42656,Relevante
2,489127,Relevante
2,128680,Relevante
2,42666,Relevante
2,128685,Relevante
2,72368,No relevante
2,273072,Relevante
2,230066,No relevante
2,41653,No relevante
2,477878,No relevante
2,53943,Relevante
2,473784,Relevante
2,154296,No relevante
2,105146,No relevante
2,102074,No relevante
2,235197,No relevante
2,446159,Relevante
2,342741,No relevante
2,154334,No relevante
2,334562,No relevante
2,278244,Relevante
2,150244,Relevante
2,144102,No relevante
2,83688,No relevante
2,420587,No relevante
2,104172,No relevante
2,358127,No relevante
2,482031,Relevante
2,433903,No relevante
2,448246,Relevante
2,263928,Relevante
2,263929,Relevante
2,129788,No relevante
2,151294,No relevante
2,231167,No relevante
2,147200,No relevante
2,244481,No relevante
2,232194,No relevante
2,121602,No relevante
2,460548,Relevante
2,287494,No relevante
2,333579,No relevante
2,58127,No relevante
2,433937,No relevante
2,251669,No relevante
2,417559,No relevante
2,58138,No relevante
2,219931,No relevante
2,62240,No relevante
2,124705,Relevante
2,75554,No relevante
2,147238,No relevante
2,158514,Relevante
2,281394,No relevante
2,31541,No relevante
2,379704,No relevante
2,19257,No relevante
2,229178,Relevante
2,455483,Relevante
2,95036,No relevante
2,115517,Relevante
2,450374,Relevante
2,242509,No relevante
2,1871,Relevante
2,318287,No relevante
2,205655,No relevante
2,151385,Relevante
2,294745,No relevante
2,288604,No relevante
2,146269,No relevante
2,189278,No relevante
2,89951,No relevante
2,474976,No relevante
2,62305,No relevante
2,486242,Relevante
2,131946,No relevante
2,387947,No relevante
2,180075,No relevante
2,10090,No relevante
2,108409,Relevante
2,333690,No relevante
2,180090,No relevante
2,40834,No relevante
2,223108,No relevante
2,129926,Relevante
2,292745,No relevante
2,405387,No relevante
2,325516,Relevante
2,79762,No relevante
2,312211,Relevante
2,74644,No relevante
2,74647,No relevante
2,223130,No relevante
2,246684,No relevante
2,924,No relevante
2,428961,No relevante
2,102310,Relevante
2,450472,No relevante
2,26542,No relevante
2,292787,Relevante
2,118708,No relevante
2,238521,Relevante
2,269242,No relevante
2,238526,No relevante
2,490431,Relevante
2,289730,No relevante
2,126916,No relevante
2,354246,No relevante
2,354248,No relevante
2,57291,No relevante
2,194509,No relevante
2,410575,No relevante
2,434129,No relevante
2,306135,No relevante
2,404445,No relevante
2,195554,No relevante
2,57315,No relevante
2,133092,No relevante
2,368612,No relevante
2,304108,Relevante
2,132077,No relevante
2,104437,No relevante
2,141302,Relevante
2,110581,No relevante
2,125944,Relevante
3,18434,No relevante
3,211974,No relevante
3,446479,No relevante
3,28689,No relevante
3,190484,No relevante
3,50202,Relevante
3,46107,No relevante
3,143387,No relevante
3,269344,No relevante
3,117794,No relevante
3,465957,No relevante
3,280615,Relevante
3,352296,No relevante
3,54314,No relevante
3,453677,No relevante
3,60464,No relevante
3,18481,No relevante
3,48179,No relevante
3,201780,No relevante
3,324661,No relevante
3,443446,No relevante
3,225336,No relevante
3,189503,No relevante
3,151618,No relevante
3,59459,No relevante
3,226371,No relevante
3,291907,No relevante
3,2120,Relevante
3,154704,No relevante
3,31830,No relevante
3,41049,No relevante
3,167001,No relevante
3,443489,Relevante
3,9318,No relevante
3,498792,No relevante
3,306283,Relevante
3,154738,Relevante
3,465012,No relevante
3,405621,No relevante
3,41084,No relevante
3,144517,No relevante
3,206982,Relevante
3,17544,No relevante
3,498826,No relevante
3,139406,No relevante
3,226447,No relevante
3,184464,No relevante
3,71824,Relevante
3,142480,No relevante
3,229526,No relevante
3,490647,No relevante
3,460958,No relevante
3,53410,No relevante
3,375972,No relevante
3,241832,No relevante
3,497833,No relevante
3,408745,No relevante
3,37039,No relevante
3,53432,No relevante
3,471226,No relevante
3,255162,No relevante
3,215228,Relevante
3,408769,No relevante
3,18627,No relevante
3,83142,No relevante
3,53448,Relevante
3,258250,No relevante
3,367819,No relevante
3,139473,Relevante
3,37074,No relevante
3,17619,No relevante
3,81113,Relevante
3,237786,No relevante
3,226528,No relevante
3,172026,No relevante
3,415970,No relevante
3,306406,No relevante
3,315628,No relevante
3,45293,No relevante
3,181492,No relevante
3,471288,No relevante
3,447736,No relevante
3,387322,No relevante
3,232699,No relevante
3,447738,Relevante
3,169211,No relevante
3,60666,No relevante
3,447739,No relevante
3,474374,Relevante
3,485645,No relevante
3,487698,Relevante
3,471316,Relevante
3,471319,Relevante
3,304411,No relevante
3,174364,No relevante
3,104731,No relevante
3,447775,Relevante
3,96544,No relevante
3,67872,No relevante
3,368930,Relevante
3,431395,No relevante
3,459047,No relevante
3,55592,No relevante
3,156969,No relevante
3,168235,No relevante
3,471344,No relevante
3,257331,No relevante
3,412981,No relevante
3,5439,Relevante
3,88384,No relevante
3,415043,No relevante
3,149828,Relevante
3,98627,Relevante
3,76117,No relevante
3,371033,No relevante
3,471391,No relevante
3,31076,Relevante
3,471397,No relevante
3,226660,No relevante
3,34156,Relevante
3,442734,No relevante
3,273776,Relevante
3,471411,Relevante
3,471412,Relevante
3,471414,Relevante
3,251268,No relevante
3,34181,Relevante
3,220553,Relevante
3,220554,Relevante
3,351629,No relevante
3,10637,No relevante
3,470418,No relevante
3,480661,Relevante
3,480662,Relevante
3,143767,Relevante
3,471448,No relevante
3,148889,No relevante
3,301465,Relevante
3,317847,No relevante
3,465307,No relevante
3,470430,No relevante
3,275873,No relevante
3,258472,No relevante
3,480681,No relevante
3,490923,No relevante
3,480685,No relevante
3,173486,No relevante
3,275887,No relevante
3,148913,No relevante
3,185777,No relevante
3,112051,No relevante
3,426421,No relevante
3,480697,No relevante
3,118205,Relevante
3,308673,No relevante
3,213448,No relevante
3,337353,No relevante
3,61901,No relevante
3,302546,Relevante
3,221651,No relevante
3,99796,No relevante
3,480726,Relevante
3,208342,No relevante
3,131545,Relevante
3,237019,No relevante
3,319965,No relevante
3,237025,No relevante
3,187873,No relevante
3,138736,Relevante
3,193009,No relevante
3,378355,No relevante
3,496116,No relevante
3,427518,No relevante
3,58880,No relevante
3,226820,No relevante
3,110087,No relevante
3,370183,No relevante
3,10760,No relevante
3,367123,No relevante
3,133652,No relevante
3,362006,No relevante
3,159258,Relevante
3,4636,No relevante
3,299551,Relevante
3,193056,No relevante
3,242209,Relevante
3,414242,No relevante
3,290349,No relevante
3,412210,No relevante
3,227892,No relevante
3,227893,No relevante
3,200250,No relevante
3,405051,No relevante
3,200254,No relevante
3,230977,No relevante
3,200265,No relevante
3,196174,No relevante
3,125521,No relevante
3,234065,Relevante
3,447060,Relevante
3,240214,No relevante
3,87640,No relevante
3,448089,No relevante
3,226917,No relevante
3,459371,No relevante
3,495215,No relevante
3,214641,No relevante
3,416370,No relevante
3,151157,Relevante
3,206457,No relevante
3,396926,No relevante
3,258687,No relevante
3,251518,No relevante
3,116350,No relevante
3,239236,Relevante
3,492166,No relevante
3,389767,Relevante
3,218759,No relevante
3,492169,No relevante
3,389769,Relevante
3,341652,No relevante
3,462490,No relevante
3,69281,No relevante
3,283299,No relevante
3,293541,No relevante
3,494249,Relevante
3,4779,No relevante
3,54956,No relevante
3,240299,No relevante
3,5807,No relevante
3,261814,No relevante
3,236216,No relevante
3,22203,No relevante
3,465595,No relevante
3,365246,No relevante
3,203457,No relevante
3,115394,No relevante
3,324292,No relevante
3,70343,No relevante
3,414415,No relevante
3,26319,No relevante
3,172755,Relevante
3,99032,No relevante
3,236258,No relevante
3,427762,No relevante
3,294643,Relevante
3,136948,No relevante
3,414453,No relevante
3,294647,No relevante
3,75513,No relevante
3,187132,No relevante
3,213762,No relevante
3,405250,No relevante
3,75525,No relevante
3,434950,No relevante
3,437004,No relevante
3,417548,Relevante
3,75537,No relevante
3,365342,Relevante
3,339756,No relevante
3,98093,No relevante
3,13101,No relevante
3,140077,No relevante
3,472879,No relevante
3,200501,No relevante
3,462646,No relevante
3,49977,No relevante
3,77626,No relevante
3,190267,No relevante
3,286528,Relevante
3,42817,No relevante
3,483137,No relevante
3,27459,No relevante
3,27465,No relevante
3,244558,No relevante
3,300881,No relevante
3,5973,No relevante
3,176984,No relevante
3,100184,No relevante
3,364378,No relevante
3,100189,No relevante
3,183143,No relevante
3,462696,Relevante
3,294759,Relevante
3,16234,No relevante
3,190316,Relevante
3,56176,No relevante
3,438129,No relevante
3,419696,No relevante
3,438133,No relevante
3,441205,No relevante
3,298876,Relevante
3,156542,Relevante
3,294782,No relevante
3,391040,No relevante
3,438145,No relevante
3,203660,No relevante
3,309132,No relevante
3,424845,No relevante
3,221071,No relevante
3,405391,No relevante
3,407439,No relevante
3,50063,No relevante
3,90001,No relevante
3,302999,No relevante
3,410525,No relevante
3,320417,No relevante
3,245666,No relevante
3,121765,No relevante
3,21416,No relevante
3,151465,Relevante
3,53161,No relevante
3,69554,No relevante
3,46020,No relevante
3,214980,No relevante
3,328648,Relevante
3,307146,Relevante
3,71631,No relevante
3,137167,No relevante
3,251859,No relevante
3,312275,No relevante
3,134100,No relevante
3,326615,No relevante
3,69596,No relevante
3,27613,No relevante
3,130013,No relevante
3,145380,No relevante
3,29669,No relevante
3,326632,No relevante
3,199658,No relevante
3,192491,No relevante
3,29675,No relevante
3,110579,No relevante
3,172020,No relevante
3,172022,No relevante
3,335864,No relevante
3,50170,Relevante
3,49148,No relevante
3,207869,No relevante
4,175104,Relevante
4,269314,No relevante
4,379907,No relevante
4,338951,No relevante
4,30730,No relevante
4,367627,Relevante
4,17420,Relevante
4,480269,No relevante
4,414736,No relevante
4,449554,No relevante
4,309267,No relevante
4,59412,No relevante
4,168987,Relevante
4,269344,No relevante
4,470050,Relevante
4,465955,No relevante
4,122916,Relevante
4,465957,Relevante
4,109607,No relevante
4,94253,Relevante
4,205871,No relevante
4,461872,No relevante
4,458804,Relevante
4,124981,No relevante
4,72757,No relevante
4,412727,No relevante
4,416824,Relevante
4,348215,Relevante
4,284730,No relevante
4,30779,Relevante
4,121916,No relevante
4,121917,No relevante
4,260162,No relevante
4,151619,No relevante
4,5188,Relevante
4,474180,No relevante
4,4166,No relevante
4,398407,No relevante
4,382023,No relevante
4,151618,No relevante
4,233543,No relevante
4,462922,No relevante
4,489549,Relevante
4,485454,Relevante
4,342097,No relevante
4,31826,No relevante
4,411732,No relevante
4,76888,Relevante
4,59484,No relevante
4,76894,No relevante
4,259167,Relevante
4,287839,Relevante
4,452707,No relevante
4,485488,No relevante
4,244850,No relevante
4,294003,Relevante
4,30838,No relevante
4,222329,Relevante
4,139389,No relevante
4,186494,Relevante
4,130174,Relevante
4,42114,No relevante
4,223362,No relevante
4,364680,No relevante
4,498826,No relevante
4,121998,Relevante
4,35983,Relevante
4,226447,No relevante
4,342161,No relevante
4,474262,No relevante
4,375959,No relevante
4,202903,No relevante
4,490647,No relevante
4,375969,Relevante
4,136354,Relevante
4,51363,No relevante
4,296097,No relevante
4,466095,No relevante
4,303279,No relevante
4,139442,No relevante
4,408759,Relevante
4,51387,No relevante
4,78017,Relevante
4,471235,Relevante
4,367811,Relevante
4,78023,No relevante
4,301257,No relevante
4,362700,No relevante
4,137422,No relevante
4,209,Relevante
4,313554,Relevante
4,262358,No relevante
4,123100,No relevante
4,346340,No relevante
4,292070,No relevante
4,27880,No relevante
4,488681,Relevante
4,56556,No relevante
4,9470,No relevante
4,447743,Relevante
4,376064,Relevante
4,156931,No relevante
4,69891,No relevante
4,354568,Relevante
4,27913,No relevante
4,240912,No relevante
4,297238,No relevante
4,96535,No relevante
4,83225,Relevante
4,325916,No relevante
4,138526,Relevante
4,140574,Relevante
4,96544,Relevante
4,97571,No relevante
4,224552,No relevante
4,326961,Relevante
4,11569,No relevante
4,80182,No relevante
4,433463,Relevante
4,469305,No relevante
4,166202,Relevante
4,380217,No relevante
4,94524,Relevante
4,441661,No relevante
4,231745,No relevante
4,415043,No relevante
4,104775,No relevante
4,49480,No relevante
4,296264,No relevante
4,474442,Relevante
4,65873,No relevante
4,225621,No relevante
4,456025,No relevante
4,445785,No relevante
4,226654,Relevante
4,208223,No relevante
4,170336,No relevante
4,16735,No relevante
4,112995,No relevante
4,91492,Relevante
4,91500,Relevante
4,117100,No relevante
4,81268,No relevante
4,471413,No relevante
4,490872,Relevante
4,132473,No relevante
4,198017,Relevante
4,220554,No relevante
4,220555,No relevante
4,99729,No relevante
4,470418,No relevante
4,7569,No relevante
4,107925,No relevante
4,480663,No relevante
4,215451,No relevante
4,239005,No relevante
4,271775,Relevante
4,359841,Relevante
4,470439,No relevante
4,480681,No relevante
4,297387,Relevante
4,480684,No relevante
4,359859,No relevante
4,378293,Relevante
4,480694,Relevante
4,170421,Relevante
4,41397,Relevante
4,8636,No relevante
4,118205,Relevante
4,478656,Relevante
4,175552,No relevante
4,101826,Relevante
4,221634,No relevante
4,389570,Relevante
4,338376,No relevante
4,32203,No relevante
4,61901,No relevante
4,145869,No relevante
4,146896,No relevante
4,302546,Relevante
4,8660,No relevante
4,192981,No relevante
4,133591,Relevante
4,132569,Relevante
4,325088,No relevante
4,346593,No relevante
4,223718,Relevante
4,306667,No relevante
4,138736,No relevante
4,269808,No relevante
4,347637,Relevante
4,57849,Relevante
4,177660,Relevante
4,175612,No relevante
4,486911,Relevante
4,156163,Relevante
4,445955,No relevante
4,367109,No relevante
4,10760,No relevante
4,331274,No relevante
4,289291,Relevante
4,231948,No relevante
4,452115,No relevante
4,296468,No relevante
4,23061,No relevante
4,138776,Relevante
4,159258,Relevante
4,23074,No relevante
4,56868,No relevante
4,439845,Relevante
4,124455,No relevante
4,230957,No relevante
4,30254,No relevante
4,480815,Relevante
4,88626,Relevante
4,145980,Relevante
4,30273,No relevante
4,131650,No relevante
4,158278,No relevante
4,242247,Relevante
4,364113,No relevante
4,334421,No relevante
4,31320,No relevante
4,482907,No relevante
4,426594,No relevante
4,140900,Relevante
4,214629,No relevante
4,91759,Relevante
4,416370,No relevante
4,39541,Relevante
4,26234,No relevante
4,293501,Relevante
4,199298,Relevante
4,492166,No relevante
4,218759,Relevante
4,389767,Relevante
4,105097,No relevante
4,74379,No relevante
4,132747,No relevante
4,363148,No relevante
4,389774,No relevante
4,98958,Relevante
4,119437,Relevante
4,72337,No relevante
4,44694,Relevante
4,61081,Relevante
4,304795,Relevante
4,183965,No relevante
4,98978,Relevante
4,90792,Relevante
4,77485,No relevante
4,393902,Relevante
4,124592,No relevante
4,453297,No relevante
4,291506,No relevante
4,245429,No relevante
4,229051,Relevante
4,22203,No relevante
4,271037,Relevante
4,48830,No relevante
4,438975,Relevante
4,249537,No relevante
4,146116,No relevante
4,453318,No relevante
4,63177,Relevante
4,359119,No relevante
4,446161,Relevante
4,60115,Relevante
4,487124,No relevante
4,70355,No relevante
4,105177,No relevante
4,349919,No relevante
4,380641,No relevante
4,332517,No relevante
4,90854,Relevante
4,115431,No relevante
4,136936,Relevante
4,40681,No relevante
4,45804,Relevante
4,343790,Relevante
4,132846,No relevante
4,407282,Relevante
4,294643,No relevante
4,294647,No relevante
4,326394,No relevante
4,297732,No relevante
4,116485,No relevante
4,50951,No relevante
4,397063,Relevante
4,425738,No relevante
4,127754,Relevante
4,415503,No relevante
4,483087,Relevante
4,434959,No relevante
4,255762,Relevante
4,62233,Relevante
4,83737,Relevante
4,85789,Relevante
4,85790,Relevante
4,319265,Relevante
4,50982,No relevante
4,319274,Relevante
4,205615,No relevante
4,147256,No relevante
4,464699,No relevante
4,88892,Relevante
4,51008,Relevante
4,144194,Relevante
4,478018,No relevante
4,51019,Relevante
4,85836,No relevante
4,221006,No relevante
4,54094,No relevante
4,72531,Relevante
4,289624,Relevante
4,186202,No relevante
4,54109,No relevante
4,455519,No relevante
4,9056,Relevante
4,51046,No relevante
4,294759,No relevante
4,318313,No relevante
4,28524,No relevante
4,454510,Relevante
4,433009,No relevante
4,438129,No relevante
4,147314,No relevante
4,454515,Relevante
4,438132,No relevante
4,26485,No relevante
4,38774,No relevante
4,245622,No relevante
4,488310,No relevante
4,438142,Relevante
4,56191,No relevante
4,170880,Relevante
4,485248,No relevante
4,294782,No relevante
4,230283,Relevante
4,168849,No relevante
4,239522,No relevante
4,154530,No relevante
4,414637,No relevante
4,56243,No relevante
4,276403,No relevante
4,49075,No relevante
4,124874,Relevante
4,59339,No relevante
4,145359,No relevante
4,310223,No relevante
4,145361,No relevante
4,408528,No relevante
4,306131,No relevante
4,492500,No relevante
4,453589,Relevante
4,434143,Relevante
4,471010,No relevante
4,145380,Relevante
4,469991,Relevante
4,147439,Relevante
4,357372,No relevante
4,409599,No relevante
5,101378,No relevante
5,243722,No relevante
5,485390,Relevante
5,421902,No relevante
5,126997,Relevante
5,192542,No relevante
5,418848,No relevante
5,321569,No relevante
5,213026,No relevante
5,116769,Relevante
5,272419,Relevante
5,109600,No relevante
5,37929,No relevante
5,147498,No relevante
5,121902,No relevante
5,492590,No relevante
5,10288,No relevante
5,324661,No relevante
5,191545,Relevante
5,218171,No relevante
5,157756,No relevante
5,340033,No relevante
5,35907,No relevante
5,324676,No relevante
5,451661,No relevante
5,202831,No relevante
5,57429,No relevante
5,57430,Relevante
5,57431,Relevante
5,144470,No relevante
5,131163,Relevante
5,54366,No relevante
5,367716,No relevante
5,99432,No relevante
5,480361,No relevante
5,113778,No relevante
5,113787,No relevante
5,141435,No relevante
5,186494,Relevante
5,133254,Relevante
5,419974,No relevante
5,228489,No relevante
5,342156,No relevante
5,410766,No relevante
5,37006,No relevante
5,46225,Relevante
5,228498,No relevante
5,373906,No relevante
5,404632,No relevante
5,375961,Relevante
5,109726,Relevante
5,362655,No relevante
5,41118,No relevante
5,460961,No relevante
5,65701,Relevante
5,159910,Relevante
5,353448,No relevante
5,70825,No relevante
5,166057,No relevante
5,471223,No relevante
5,228536,Relevante
5,143546,No relevante
5,239811,No relevante
5,43207,No relevante
5,270535,Relevante
5,372942,No relevante
5,14553,No relevante
5,54491,Relevante
5,213215,Relevante
5,35042,Relevante
5,35044,No relevante
5,362728,No relevante
5,35054,No relevante
5,215281,No relevante
5,226554,No relevante
5,34047,No relevante
5,408832,No relevante
5,41218,No relevante
5,224514,No relevante
5,385285,Relevante
5,285959,Relevante
5,211213,Relevante
5,64785,No relevante
5,365842,No relevante
5,96537,Relevante
5,290075,No relevante
5,365852,No relevante
5,471325,Relevante
5,367901,No relevante
5,151836,No relevante
5,447775,No relevante
5,117025,No relevante
5,221473,Relevante
5,141604,Relevante
5,281892,No relevante
5,36136,Relevante
5,60713,Relevante
5,87341,No relevante
5,294190,Relevante
5,241966,Relevante
5,185649,Relevante
5,120115,No relevante
5,81206,No relevante
5,121146,No relevante
5,73025,No relevante
5,352579,Relevante
5,174406,No relevante
5,186699,Relevante
5,293196,No relevante
5,10574,Relevante
5,26963,No relevante
5,125271,No relevante
5,171356,No relevante
5,136540,No relevante
5,54622,No relevante
5,246117,Relevante
5,396655,No relevante
5,266613,No relevante
5,146810,Relevante
5,88442,No relevante
5,22908,Relevante
5,22909,No relevante
5,50563,No relevante
5,38278,No relevante
5,38285,No relevante
5,159121,No relevante
5,247186,Relevante
5,469394,No relevante
5,382356,No relevante
5,50581,Relevante
5,301462,No relevante
5,352666,No relevante
5,343451,No relevante
5,126364,Relevante
5,486812,No relevante
5,224670,No relevante
5,292255,No relevante
5,215457,No relevante
5,48549,No relevante
5,361893,Relevante
5,102823,No relevante
5,54699,Relevante
5,42411,Relevante
5,66989,No relevante
5,480686,Relevante
5,118191,No relevante
5,139697,No relevante
5,343491,No relevante
5,382411,No relevante
5,344523,Relevante
5,6603,Relevante
5,299474,No relevante
5,136658,Relevante
5,27097,No relevante
5,77276,No relevante
5,287196,Relevante
5,77278,No relevante
5,77280,No relevante
5,82402,Relevante
5,373220,No relevante
5,475620,Relevante
5,220648,No relevante
5,239083,No relevante
5,257515,Relevante
5,380398,No relevante
5,392691,Relevante
5,63987,Relevante
5,111094,No relevante
5,121343,No relevante
5,107007,Relevante
5,219653,No relevante
5,219664,No relevante
5,454160,No relevante
5,114200,No relevante
5,122401,No relevante
5,45603,No relevante
5,407080,Relevante
5,4649,No relevante
5,41514,Relevante
5,98859,No relevante
5,383532,Relevante
5,397871,Relevante
5,397872,Relevante
5,40497,No relevante
5,112184,Relevante
5,422458,No relevante
5,378427,No relevante
5,324158,No relevante
5,191040,Incomple
5,73284,Relevante
5,486985,No relevante
5,61004,Relevante
5,104013,No relevante
5,197200,No relevante
5,364113,Relevante
5,31316,Relevante
5,45652,Relevante
5,296535,No relevante
5,254556,Relevante
5,280159,Relevante
5,63072,Relevante
5,404068,No relevante
5,42601,No relevante
5,236138,No relevante
5,143980,No relevante
5,65134,Relevante
5,139890,No relevante
5,72323,No relevante
5,47747,No relevante
5,340612,No relevante
5,368269,No relevante
5,486029,Relevante
5,316046,No relevante
5,332433,No relevante
5,134803,No relevante
5,42644,No relevante
5,81557,No relevante
5,41622,Relevante
5,80536,No relevante
5,78489,Relevante
5,377498,No relevante
5,25242,Relevante
5,375450,Relevante
5,56989,No relevante
5,52895,No relevante
5,100001,Relevante
5,40609,Relevante
5,303778,No relevante
5,60069,No relevante
5,494249,Relevante
5,249513,Relevante
5,42666,Relevante
5,454316,No relevante
5,112301,No relevante
5,78507,Relevante
5,102067,No relevante
5,493237,No relevante
5,109238,No relevante
5,415413,No relevante
5,102074,No relevante
5,418491,No relevante
5,465603,Relevante
5,80581,No relevante
5,97990,Relevante
5,75466,No relevante
5,97998,No relevante
5,42704,Relevante
5,250577,Relevante
5,98002,No relevante
5,340693,No relevante
5,67290,No relevante
5,120541,No relevante
5,10975,Relevante
5,334562,No relevante
5,150244,Relevante
5,256742,Relevante
5,260841,Relevante
5,466667,No relevante
5,378608,No relevante
5,42740,Relevante
5,448246,No relevante
5,474871,Relevante
5,493305,Relevante
5,386812,No relevante
5,419580,Relevante
5,253694,No relevante
5,403203,Relevante
5,97028,No relevante
5,386822,No relevante
5,458502,Relevante
5,160526,Relevante
5,241425,Relevante
5,56085,No relevante
5,490266,Relevante
5,283418,No relevante
5,202530,No relevante
5,112419,No relevante
5,130855,Relevante
5,391984,Relevante
5,249654,Relevante
5,19257,No relevante
5,45881,No relevante
5,360260,No relevante
5,357191,No relevante
5,474955,No relevante
5,151384,Relevante
5,100184,No relevante
5,100189,No relevante
5,38750,Relevante
5,173919,No relevante
5,471903,No relevante
5,368482,Relevante
5,84837,Relevante
5,92007,Relevante
5,62313,No relevante
5,131946,No relevante
5,100203,No relevante
5,387950,Relevante
5,110451,No relevante
5,438134,Relevante
5,49027,No relevante
5,129925,Relevante
5,93062,Relevante
5,399240,No relevante
5,251786,No relevante
5,332683,Relevante
5,309133,Relevante
5,441232,No relevante
5,155538,Relevante
5,359320,No relevante
5,38811,No relevante
5,364453,No relevante
5,116648,No relevante
5,146344,No relevante
5,89002,Relevante
5,85929,Relevante
5,253865,No relevante
5,306088,No relevante
5,247727,Relevante
5,83893,Relevante
5,269242,No relevante
5,65467,No relevante
5,309180,Relevante
5,432058,No relevante
5,83906,No relevante
5,85956,Relevante
5,141256,Relevante
5,194509,No relevante
5,145359,No relevante
5,145365,Relevante
5,130005,Relevante
5,83925,Relevante
5,111575,No relevante
5,145367,No relevante
5,204766,No relevante
5,192479,Relevante
5,130018,No relevante
5,101348,No relevante
5,133092,No relevante
5,217063,No relevante
5,56299,Relevante
5,410604,No relevante
5,83953,Relevante
5,156657,No relevante
5,125944,Relevante
5,241659,Relevante
6,396288,No relevante
6,447492,Relevante
6,20486,No relevante
6,30727,No relevante
6,344072,No relevante
6,189450,Relevante
6,56334,Relevante
6,14352,Relevante
6,77841,No relevante
6,429073,Relevante
6,478235,Relevante
6,235548,No relevante
6,44059,No relevante
6,57381,Relevante
6,139302,Relevante
6,440358,No relevante
6,304168,No relevante
6,70696,No relevante
6,8237,Relevante
6,340013,Relevante
6,389169,No relevante
6,345140,No relevante
6,67643,No relevante
6,64578,Relevante
6,478279,Relevante
6,2123,No relevante
6,64589,No relevante
6,460878,No relevante
6,122960,No relevante
6,56404,Relevante
6,139349,No relevante
6,70748,No relevante
6,244830,No relevante
6,45155,No relevante
6,111722,No relevante
6,126060,No relevante
6,76916,No relevante
6,45187,Relevante
6,95366,Relevante
6,77966,No relevante
6,63639,Relevante
6,68770,No relevante
6,120995,No relevante
6,72869,No relevante
6,279718,No relevante
6,21672,No relevante
6,282794,Relevante
6,358571,No relevante
6,72875,No relevante
6,249005,No relevante
6,21682,No relevante
6,362675,Relevante
6,388277,No relevante
6,49333,No relevante
6,80053,No relevante
6,471223,No relevante
6,89276,No relevante
6,471229,No relevante
6,42176,Relevante
6,400582,Relevante
6,202963,No relevante
6,490708,No relevante
6,446680,Relevante
6,250075,No relevante
6,87261,No relevante
6,78045,No relevante
6,345315,Relevante
6,56548,Relevante
6,344297,Relevante
6,484586,No relevante
6,418026,No relevante
6,350447,No relevante
6,495864,Relevante
6,206073,No relevante
6,282873,No relevante
6,98560,No relevante
6,231682,Relevante
6,418052,Relevante
6,62724,No relevante
6,341254,No relevante
6,22788,No relevante
6,61704,No relevante
6,269578,No relevante
6,190733,Relevante
6,48400,No relevante
6,471313,No relevante
6,233747,No relevante
6,48406,No relevante
6,154903,No relevante
6,418074,Relevante
6,138526,No relevante
6,40222,No relevante
6,471328,Relevante
6,237858,Relevante
6,124199,No relevante
6,471337,No relevante
6,321834,Relevante
6,25914,No relevante
6,86335,No relevante
6,320836,Relevante
6,33097,No relevante
6,382283,No relevante
6,235851,Relevante
6,487765,No relevante
6,445783,Relevante
6,93532,No relevante
6,426336,No relevante
6,314726,No relevante
6,359784,No relevante
6,235882,No relevante
6,221547,Relevante
6,125301,No relevante
6,145782,No relevante
6,145784,No relevante
6,234874,No relevante
6,299387,Relevante
6,98686,No relevante
6,158080,No relevante
6,99713,No relevante
6,470401,No relevante
6,86403,Relevante
6,375174,Relevante
6,10631,Relevante
6,420230,No relevante
6,470410,Relevante
6,340362,No relevante
6,166284,No relevante
6,355725,No relevante
6,150925,No relevante
6,101776,Relevante
6,480657,Relevante
6,31124,No relevante
6,355733,No relevante
6,485782,No relevante
6,456092,Relevante
6,491934,No relevante
6,347551,Relevante
6,441764,No relevante
6,30120,No relevante
6,456105,Relevante
6,192939,No relevante
6,118189,No relevante
6,88498,No relevante
6,135603,No relevante
6,355763,No relevante
6,474550,No relevante
6,137655,No relevante
6,91575,No relevante
6,415170,No relevante
6,388551,No relevante
6,102858,No relevante
6,230860,Relevante
6,349644,No relevante
6,421327,No relevante
6,433616,No relevante
6,224721,No relevante
6,318929,No relevante
6,15825,Relevante
6,284111,Relevante
6,262609,No relevante
6,137687,No relevante
6,482776,No relevante
6,418271,No relevante
6,58849,Relevante
6,402914,No relevante
6,262630,No relevante
6,388582,No relevante
6,1511,Relevante
6,355818,No relevante
6,1523,No relevante
6,6643,No relevante
6,126455,No relevante
6,418297,Relevante
6,30202,No relevante
6,334333,No relevante
6,459261,Relevante
6,230914,No relevante
6,263684,No relevante
6,214532,Relevante
6,366086,No relevante
6,1543,No relevante
6,418319,Relevante
6,11791,No relevante
6,37393,No relevante
6,183828,No relevante
6,81436,Relevante
6,466460,Relevante
6,30241,No relevante
6,466467,No relevante
6,258598,No relevante
6,70183,No relevante
6,309802,Relevante
6,314925,No relevante
6,453167,No relevante
6,412208,No relevante
6,30260,No relevante
6,353844,No relevante
6,214586,No relevante
6,169535,No relevante
6,130629,No relevante
6,243280,Relevante
6,355922,No relevante
6,143955,No relevante
6,284244,No relevante
6,23123,No relevante
6,182867,No relevante
6,164452,Relevante
6,252517,No relevante
6,193125,Relevante
6,81510,No relevante
6,11879,No relevante
6,23145,No relevante
6,44651,No relevante
6,64116,Relevante
6,28279,No relevante
6,334457,No relevante
6,355966,No relevante
6,397953,No relevante
6,426625,No relevante
6,3713,Relevante
6,108166,Relevante
6,144007,Relevante
6,218761,Relevante
6,394889,No relevante
6,409230,Relevante
6,481936,No relevante
6,20112,No relevante
6,350866,No relevante
6,109205,Relevante
6,285333,No relevante
6,32408,Relevante
6,70300,No relevante
6,408223,Relevante
6,20129,No relevante
6,87721,No relevante
6,494250,Relevante
6,362155,No relevante
6,374444,Relevante
6,356018,No relevante
6,48820,No relevante
6,484020,No relevante
6,329398,No relevante
6,259774,No relevante
6,203455,Relevante
6,126655,Relevante
6,213695,No relevante
6,33475,No relevante
6,204484,No relevante
6,349893,No relevante
6,241352,No relevante
6,196297,No relevante
6,322253,No relevante
6,172750,No relevante
6,375503,No relevante
6,374478,Relevante
6,306897,No relevante
6,9938,No relevante
6,446164,Relevante
6,370392,Relevante
6,207577,No relevante
6,193240,No relevante
6,91872,No relevante
6,32483,No relevante
6,306916,No relevante
6,299756,Relevante
6,125676,Relevante
6,9973,No relevante
6,477941,Relevante
6,304885,No relevante
6,174840,No relevante
6,449273,No relevante
6,41722,No relevante
6,465659,No relevante
6,182012,No relevante
6,256764,No relevante
6,41726,No relevante
6,231169,No relevante
6,442115,Relevante
6,462596,No relevante
6,66309,No relevante
6,275206,No relevante
6,59143,No relevante
6,282375,No relevante
6,441093,No relevante
6,276236,No relevante
6,47886,No relevante
6,188175,No relevante
6,67348,No relevante
6,498455,No relevante
6,34588,Relevante
6,471843,No relevante
6,484133,No relevante
6,475942,No relevante
6,39720,No relevante
6,233258,No relevante
6,366379,No relevante
6,472874,Relevante
6,233261,No relevante
6,404274,No relevante
6,109362,No relevante
6,313140,No relevante
6,116530,Relevante
6,118582,Relevante
6,160569,No relevante
6,398138,No relevante
6,31546,No relevante
6,51002,No relevante
6,51006,No relevante
6,452419,No relevante
6,498501,Relevante
6,461638,No relevante
6,328519,No relevante
6,117578,No relevante
6,5963,No relevante
6,493387,No relevante
6,361294,No relevante
6,189262,Relevante
6,89943,No relevante
6,246622,No relevante
6,28511,No relevante
6,37726,No relevante
6,350056,No relevante
6,23400,No relevante
6,141163,No relevante
6,344940,No relevante
6,239473,Relevante
6,382836,Relevante
6,23412,No relevante
6,71542,No relevante
6,292729,No relevante
6,186236,Relevante
6,91015,No relevante
6,203656,Relevante
6,206737,No relevante
6,183185,No relevante
6,405396,No relevante
6,425880,Relevante
6,299932,No relevante
6,469926,No relevante
6,250791,Relevante
6,6056,No relevante
6,478121,Relevante
6,477098,No relevante
6,44971,No relevante
6,127912,Relevante
6,420779,Relevante
6,188335,No relevante
6,91068,Relevante
6,66493,No relevante
6,385993,Relevante
6,406475,No relevante
6,292813,No relevante
6,126925,No relevante
6,338897,Relevante
6,232404,No relevante
6,420820,Relevante
6,477143,Relevante
6,349144,Relevante
6,288729,No relevante
6,310235,Relevante
6,482269,Relevante
6,488413,No relevante
6,165854,No relevante
6,59361,No relevante
6,482273,Relevante
6,143331,No relevante
6,8949,No relevante
6,298981,No relevante
6,59367,No relevante
6,459752,No relevante
6,263144,No relevante
6,481260,No relevante
6,80878,No relevante
6,112625,Relevante
6,235506,Relevante
6,100342,No relevante
6,419830,Relevante
6,318457,No relevante
6,93181,No relevante
7,18434,No relevante
7,228355,Relevante
7,211974,No relevante
7,118796,Relevante
7,437262,No relevante
7,446479,No relevante
7,190484,Relevante
7,207893,Relevante
7,418844,No relevante
7,109599,No relevante
7,269344,Relevante
7,207906,Relevante
7,117794,Relevante
7,18481,No relevante
7,21555,No relevante
7,161844,Relevante
7,366652,Relevante
7,336959,Relevante
7,59459,No relevante
7,21571,No relevante
7,382023,No relevante
7,226387,No relevante
7,151636,Relevante
7,312410,No relevante
7,287838,Relevante
7,159843,Relevante
7,32871,Relevante
7,148597,Relevante
7,255095,Relevante
7,105593,Relevante
7,85124,No relevante
7,498826,No relevante
7,226447,Relevante
7,71824,Relevante
7,194705,No relevante
7,490647,No relevante
7,375960,No relevante
7,153755,No relevante
7,48283,Relevante
7,460958,No relevante
7,344224,No relevante
7,53410,No relevante
7,241832,No relevante
7,498859,No relevante
7,37039,Relevante
7,149688,No relevante
7,471226,Relevante
7,255162,Relevante
7,321724,Relevante
7,454855,No relevante
7,53454,No relevante
7,226513,Relevante
7,252114,No relevante
7,37074,Relevante
7,438487,Relevante
7,431330,Relevante
7,35042,Relevante
7,17639,No relevante
7,48363,Relevante
7,399598,No relevante
7,189679,Relevante
7,123119,Relevante
7,241907,No relevante
7,21749,Relevante
7,471288,Relevante
7,60666,No relevante
7,447739,Relevante
7,72961,No relevante
7,374021,No relevante
7,217350,No relevante
7,485645,No relevante
7,473359,Relevante
7,62736,No relevante
7,46355,No relevante
7,471316,Relevante
7,377108,No relevante
7,217370,No relevante
7,304411,Relevante
7,234781,Relevante
7,57629,Relevante
7,381215,No relevante
7,368930,Relevante
7,363817,No relevante
7,471340,Relevante
7,227629,No relevante
7,471344,No relevante
7,359731,Relevante
7,17716,No relevante
7,25914,Relevante
7,226619,No relevante
7,98627,Relevante
7,415043,No relevante
7,417095,Relevante
7,390474,No relevante
7,482634,Relevante
7,100682,Relevante
7,216406,Relevante
7,496984,No relevante
7,204125,Relevante
7,125282,No relevante
7,54628,Relevante
7,471397,No relevante
7,226660,Relevante
7,115052,No relevante
7,277872,Relevante
7,471412,Relevante
7,190837,Relevante
7,218488,No relevante
